Brand,Model,Color,Memory,Storage,Ratings,Selling price
Apple,iphone13,Starlight,8BG,128GB,5,"50,499"
Apple,iphone13,Blue,8GB,128GB,4.8,"50,499"
Nothing,Phone2,White,12GB,256GB,4.2,"44,999"
Realme ,Narzo 60 pro,Cosmic Black,12GB,1TB,4,"26,999"
Samsung ,Galaxy S20 FE 5G,Cloud Navy,8GB,128GB,4.2,"29,999"
OnePlus,Nord Ce 3,Pastel Lime,8GB,128GB,4.1,"19,998"
Vivo ,T2 5G,Nitro Blaze,6GB,128GB,4.2,"15,999"
Poco , M6 Pro 5G,Black,6GB,128Gb,3.2,"12,849"
Infinix ,Note 30 5G,Sunset Gold,8GB,256GB,3.3,"15,990"
OPPO,A71,Black,3 GB,16 GB,4.2,12500
OPPO,A71,Gold,3 GB,16 GB,4.2,12500
OPPO,F15,Lightening Black,8 GB,128 GB,4.4,18990
OPPO,F15,Blazing Blue,8 GB,128 GB,4.4,18990
OPPO,A57,Gold,3 GB,32 GB,4.2,18000
OPPO,A31,Mystery Black,6 GB,128 GB,4.3,13799
OPPO,A31,Fantasy White,6 GB,128 GB,4.3,13899
OPPO,A9 2020,Marine Green,8 GB,128 GB,4.3,15990
OPPO,A9 2020,Vanilla Mint,4 GB,128 GB,4.3,14990
OPPO,Reno2 F,Lake Green,8 GB,128 GB,4.4,25889
OPPO,A16,Crystal Black,4 GB,64 GB,0,
OPPO,A5s,Red,2 GB,32 GB,4.3,12990
OPPO,A1K,Red,2 GB,32 GB,4.3,8490
OPPO,A5s,Green,4 GB,64 GB,4.4,15677
OPPO,A37f,Grey,2 GB,16 GB,4.2,10000
OPPO,F9 Pro,Sunrise Red,6 GB,64 GB,4.5,19990
OPPO,A3s,Red,3 GB,32 GB,4.3,12000
OPPO,F9 Pro,Twilight Blue,6 GB,64 GB,4.5,21150
OPPO,A83,Champagne,3 GB,32 GB,4.4,14995
OPPO,A3s,Red,2 GB,16 GB,4.4,9500
OPPO,F9 Pro,Starry Purple,6 GB,64 GB,4.5,21150
OPPO,A5s,Blue,3 GB,32 GB,4.4,13750
OPPO,A5s,Red,3 GB,32 GB,4.4,12990
OPPO,A3s,Purple,3 GB,32 GB,4.3,12990
OPPO,A3s,Purple,2 GB,16 GB,4.4,9500
OPPO,A5,Diamond Blue,4 GB,32 GB,4.4,15000
OPPO,A5,Diamond Blue,4 GB,32 GB,4.4,15000
OPPO,F19s,Glowing Gold,6 GB,128 GB,0,19990
OPPO,F19s,Glowing Black,6 GB,128 GB,0,19990
OPPO,A5,Diamond Red,4 GB,32 GB,4.4,13500
OPPO,A5,Diamond Red,4 GB,64 GB,4.4,15990
OPPO,A52,Stream White,6 GB,128 GB,4.3,16990
OPPO,A33,Mint Cream,3 GB,32 GB,4.3,10490
OPPO,F17,Dynamic Orange,8 GB,128 GB,4.3,22990
OPPO,F17,Classic Silver,8 GB,128 GB,4.3,22990
OPPO,A15s,Dynamic Black,4 GB,128 GB,4.3,13489
OPPO,A15,Dynamic Black,2 GB,32 GB,4,8990
OPPO,A52,Twilight Black,4 GB,128 GB,4.4,14990
OPPO,A74 5G,Fluid Black,4 GB,128 GB,0,18490
OPPO,Reno3 Pro,Sky White,8 GB,256 GB,4.4,27990
OPPO,A7,Glaring Gold,3 GB,64 GB,4.3,10990
OPPO,A1K,Black,2 GB,32 GB,4.3,7990
OPPO,A52,Twilight Black,8 GB,128 GB,4.3,20990
OPPO,A52,Stream White,8 GB,128 GB,4.3,20990
OPPO,A52,Stream White,4 GB,128 GB,4.4,14990
OPPO,A5s,Blue,4 GB,64 GB,4.4,10990
OPPO,F5,Black,6 GB,64 GB,4.4,14990
OPPO,A7,Glaze Blue,4 GB,64 GB,4.4,10990
OPPO,A83,Red,2 GB,16 GB,4.2,9990
OPPO,A3s,Red,4 GB,64 GB,4.3,13990
OPPO,A7,Glaze Blue,3 GB,64 GB,4.3,10990
OPPO,A5 2020,Mirror Black,3 GB,64 GB,4.4,14990
OPPO,A83,Champagne,4 GB,64 GB,4.3,16990
OPPO,F5,Gold,4 GB,32 GB,4.4,19990
OPPO,K3,Jade Black,6 GB,64 GB,4.3,24990
OPPO,A71k,Gold,3 GB,16 GB,4.4,10990
OPPO,Neo 7 4G,White,1 GB,16 GB,3.8,8490
OPPO,K1,Astral Blue,4 GB,64 GB,4.4,14990
OPPO,K1,Astral Blue,6 GB,64 GB,4.3,13990
OPPO,K3,Jade Black,8 GB,128 GB,4.2,30994
OPPO,A5s,Black,4 GB,64 GB,4.4,10990
OPPO,F9,Stellar Purple,4 GB,64 GB,4.5,17890
OPPO,F3,Black,4 GB,64 GB,4.3,20990
OPPO,A57,Black,3 GB,32 GB,4.2,14990
OPPO,A9,Marble Green,4 GB,128 GB,4.4,12990
OPPO,A9,Fluorite Purple,4 GB,128 GB,4.4,12990
OPPO,F3 Plus,Black,6 GB,64 GB,4.3,22990
OPPO,F3 Plus,Gold,6 GB,64 GB,4.3,22990
OPPO,F3 Plus,Black,4 GB,64 GB,4.3,30990
OPPO,Rohit Sharma Limited Edition,Black,4 GB,64 GB,4.4,22990
OPPO,F17 PRO,Gold,8 GB,128 GB,4.3,21999
OPPO,Hardik Pandya Limited Editon,Black,4 GB,64 GB,4.4,22990
OPPO,Reno4 Pro Special Edition,Starry Night,8 GB,128 GB,4.4,34990
OPPO,Ravichandran Ashwin Limited Edition,Black,4 GB,64 GB,4.4,22990
OPPO,Reno4 Pro Special Edition,Starry Night,8 GB,128 GB,4.4,34990
OPPO,Ravichandran Ashwin Limited Edition,Black,4 GB,64 GB,4.4,22990
OPPO,F3 Plus,Gold,4 GB,64 GB,4.3,12990
OPPO,F11 Pro,Waterfall Grey,6 GB,128 GB,4.5,14990
OPPO,F11 Pro,Aurora Green,6 GB,128 GB,4.5,17990
OPPO,R1 R829,White,1 GB,16 GB,3,21452
OPPO,F11,Fluorite Purple,6 GB,128 GB,4.4,17990
OPPO,F11,Fluorite Purple,4 GB,128 GB,4.4,13990
OPPO,A9 2020,Vanilla Mint,8 GB,128 GB,4.3,15990
OPPO,R1 R829,Black,1 GB,16 GB,3,24990
OPPO,F11 Pro,Thunder Black,6 GB,64 GB,4.5,16990
OPPO,F11 Pro,Aurora Green,6 GB,64 GB,4.5,16890
OPPO,K3,Aurora Blue,8 GB,128 GB,4.2,29999
OPPO,A9 2020,Space Purple,8 GB,128 GB,4.3,15990
OPPO,A15S,Fancy white,4 GB,128 GB,4.3,13489
OPPO,A15s,Rainbow Silver,4 GB,128 GB,4.3,13489
OPPO,A71k,Blue,3 GB,16 GB,4.4,10990
OPPO,F5 Youth,Black,3 GB,32 GB,4.3,17990
OPPO,F5 Youth,Gold,3 GB,32 GB,4.3,17990
OPPO,F11,Jewelry White,6 GB,128 GB,4.4,17990
OPPO,F7,Black,4 GB,64 GB,4.4,22990
OPPO,F7,Red,4 GB,64 GB,4.4,22990
OPPO,F7,Silver,4 GB,64 GB,4.4,22990
OPPO,Find X,Glacier Blue,8 GB,256 GB,4.6,60990
OPPO,Neo 5,Black,1 GB,16 GB,3.8,4999
OPPO,F7,Red,6 GB,128 GB,4.5,27990
OPPO,F1,Gold,3 GB,16 GB,4.1,15739
OPPO,Reno2,Luminous Black,8 GB,256 GB,4.4,38990
OPPO,F7,Black,6 GB,128 GB,4.5,27990
OPPO,Neo 5,White,1 GB,16 GB,3.8,4999
OPPO,R17,Neon Purple,8 GB,128 GB,3.7,38999
OPPO,A15,Rainbow Silver,2 GB,32 GB,4,9490
OPPO,F11 Pro Marvelâ€™s Avengers Limited Edition,Space Blue,6 GB,128 GB,0,27990
OPPO,F15,Unicorn White,8 GB,128 GB,4.4,18990
OPPO,Reno 10x Zoom,Jet Black,6 GB,128 GB,4.5,38990
OPPO,F11,Marble Green,4 GB,128 GB,4.4,13990
OPPO,Reno6 Pro 5G,Majestic Gold,12 GB,256 GB,4.4,41990
OPPO,A37f,Black,2 GB,16 GB,4.2,9990
OPPO,F1S,Grey,3 GB,32 GB,4.2,12990
OPPO,F1 Plus,Rose Gold,4 GB,64 GB,4,24900
OPPO,A83,Black,3 GB,32 GB,4.4,13490
OPPO,F11 Pro,Thunder Black,6 GB,128 GB,4.5,17990
OPPO,F1S,Grey,4 GB,64 GB,4.3,18990
OPPO,F1S,Rose Gold,4 GB,64 GB,4.3,18990
OPPO,F1S,Gold,4 GB,64 GB,4.3,18990
OPPO,Reno 10x Zoom,Ocean Green,6 GB,128 GB,4.5,38990
OPPO,Reno 10x Zoom,Jet Black,8 GB,256 GB,4.4,41990
OPPO,Reno 10x Zoom,Ocean Green,8 GB,256 GB,4.4,41990
OPPO,A37f,Gold,2 GB,16 GB,4.2,9990
OPPO,Reno2,Ocean Blue,8 GB,256 GB,4.4,38990
OPPO,N5111,White,2 GB,16 GB,3.1,9990
OPPO,F9 Pro,Starry purple,6 GB,128 GB,4.5,21990
HTC,U11+ ,Amazing Silver,6 GB,128 GB,4.7,56990
HTC,Wildfire X ,Blue,3 GB,32 GB,3.9,12999
HTC,Wildfire X ,Blue,4 GB,128 GB,3.9,16999
HTC,Wildfire X ,Blue,4 GB,128 GB,3.9,17999
HTC,Wildfire X ,Blue MB,3 GB,32 GB,3.9,13999
IQOO,3,Quantum Silver,8 GB,128 GB,4.4,34990
IQOO,3,Tornado Black,8 GB,128 GB,4.4,34990
IQOO,3,Quantum Silver,8 GB,256 GB,4.4,37990
IQOO,3,Tornado Black,8 GB,256 GB,4.4,37990
IQOO,3, Tornado Black,12 GB,256 GB,4.4,39990
Google Pixel,4a ,Just Black,6 GB,128 GB,4.5,31999
Google Pixel,3a XL ,Clearly White,4 GB,64 GB,4.5,44999
Google Pixel,3,Just Black,4 GB,64 GB,4.5,69999
Google Pixel,3a XL ,Just Black,4 GB,64 GB,4.5,44999
Google Pixel,3,Clearly White,4 GB,64 GB,4.5,71000
Google Pixel,3,Not Pink,4 GB,64 GB,4.5,71000
Google Pixel,3,Not Pink,4 GB,128 GB,4.5,80000
Google Pixel,3 XL ,Not Pink,4 GB,64 GB,4.6,83000
Google Pixel,3 XL ,Just Black,4 GB,64 GB,4.6,83000
Google Pixel,3 XL ,Clearly White,4 GB,128 GB,4.6,92000
Google Pixel,3,Just Black,4 GB,128 GB,4.5,80000
Google Pixel,3,Clearly White,4 GB,128 GB,4.5,80000
Google Pixel,3 XL ,Just Black,4 GB,128 GB,4.6,92000
Google Pixel,3 XL ,Clearly White,4 GB,64 GB,4.6,83000
Google Pixel,3a ,Clearly White,4 GB,64 GB,4.5,39999
Google Pixel,XL ,Very Silver,4 GB,128 GB,4.5,76000
Google Pixel,2 XL ,Just Black,4 GB,128 GB,4.6,82000
Google Pixel,2,Just Black,4 GB,64 GB,4.6,61000
Google Pixel,3 XL ,Not Pink,4 GB,128 GB,4.6,92000
Google Pixel,2,Clearly White,4 GB,128 GB,4.6,70000
Google Pixel,,Quite Black,4 GB,128 GB,4.4,66000
Google Pixel,,Very Silver,4 GB,32 GB,4.4,57000
Google Pixel,2,Just Black,4 GB,128 GB,4.6,70000
Google Pixel,3a ,Just Black,4 GB,64 GB,4.5,39999
LG,W11 ,Black,3 GB,32 GB,4,7690
LG,Velvet Dual Screen ,Aurora Silver,6 GB,128 GB,4.4,44990
LG,Q60 ,Blue,3 GB,64 GB,4,9990
LG,L90 Dual ,White,1 GB,8 GB,4.2,15532
LG,W31 ,Midnight Blue,4 GB,64 GB,4,9999
LG,W31 Plus ,Midnight Blue,4 GB,128 GB,4.1,10999
LG,K42 ,Gray,3 GB,64 GB,3.9,10990
LG,Velvet Dual Screen ,Black,6 GB,128 GB,4.4,44990
LG,W31 ,midnight blue,4 GB,64 GB,4,9999
LG,W30 Pro ,Midnight Purple,4 GB,64 GB,3.8,14999
LG,W30 Pro ,Midnight Blue,4 GB,64GB GB,3.8,13775
LG,Candy K9 ,Moroccan Blue,2 GB,16 GB,4.1,5899
LG,K9 4G LTE ,Black,2 GB,16 GB,4,7999
LG,W10 ,Smokey Gray,3 GB,32 GB,3.9,6999
LG,W30 Pro ,Midnight Purple,4 GB,64 GB,3.8,13998
LG,K-10 ,Black Blue,2 GB,16 GB,4,7799
LG,W41 ,MAGIC BLUE,4 GB,64 GB,4,10499
LG,Q Stylus+ ,Black,4 GB,64 GB,4,24000
LG,W10 Alpha ,Black,3 GB,32 GB,3.7,7299
LG,W30 ,Thunder Blue,3 GB,32 GB,3.9,8399
LG,W30 Plus ,Thunder blue,4 GB,64 GB,3.8,12950
LG,G7+ ThinQ ,Platinum,6 GB,128 GB,4.4,55000
LG,Stylus 2 ,Titan,2 GB,16 GB,4.1,12999
LG,K42 ,Green,3 GB,64 GB,3.9,10990
LG,Max X160 ,Silver Titan,1 GB,8 GB,3.4,5000
LG,W30 Plus ,Aurora Green,4 GB,64 GB,3.8,12790
LG,V20 ,Silver,4 GB,64 GB,4.2,29199
LG,G8X ,Black,6 GB,128 GB,4.4,27990
LG,V40 ThinQ ,Platinum Grey,6 GB,128 GB,4.4,60000
LG,K7i ,Brown,2 GB,16 GB,4,9990
LG,Nexus4 E960,White,2 GB,16 GB,4.5,26299
LG,G7 ThinQ ,Black,4 GB,64 GB,4.4,50000
LG,G7 ThinQ ,Platinum,4 GB,64 GB,4.4,50000
Google Pixel,Nexus 5X ,Ice,2 GB,16 GB,4.3,25990
LG,G5 ,Silver,4 GB,32 GB,4,52990
LG,Q6+ ,Platinum,4 GB,64 GB,3.9,19990
LG,Spirit 4G LTE ,Black Titan,1 GB,8 GB,3.7,12500
LG,Velvet ,AURORA SILVER,6 GB,128 GB,4.2,29999
LG,W41 Plus ,Magic Blue,4 GB,128 GB,3.8,9499
LG,W41 ,Magic Blue,4 GB,64 GB,4,8499
LG,Wing ,Aurora Gray,8 GB,128 GB,4.2,29999
LG,W41 Pro ,Laser Blue,6 GB,128 GB,3.7,10499
LG,G7+ ThinQ ,Black,6 GB,128 GB,4.4,55000
LG,Optimus L70 ,Black,1 GB,4 GB,4,12791
LG,L60 Dual ,White,512 MB,4 GB,3.7,8800
LG,K8 ,Black & Blue,2 GB,16 GB,3.8,5699
LG,G Pro 2 ,Titan,3 GB,16 GB,4.5,42021
LG,Optimus L5 II ,Black,512 MB,4 GB,4.5,10199
LG,W30 ,Aurora Green,3 GB,32 GB,3.9,9999
LG,V30+ ,Silver,4 GB,128 GB,4.3,29999
LG,V30+ ,Black,4 GB,128 GB,4.3,29999
LG,G2 D802 ,Black Gold,2 GB,16 GB,4.5,31971
LG,Q Stylus ,Black,3 GB,32 GB,3.8,20000
LG,Q6 ,Platinum,3 GB,32 GB,4,16990
LG,G6 ,Black,4 GB,64 GB,4.2,22990
LG,K10 2017 ,Titan,2 GB,16 GB,4.1,7499
LG,K10 2017 ,Gold & Black,2 GB,16 GB,4.1,9990
LG,Wing ,Illusion Sky,8 GB,128 GB,4.2,29999
LG,V20a ,Titan,4 GB,64 GB,4.1,30990
LG,G7+ ThinQ ,Blue,6 GB,128 GB,4.4,55000
LG,K10 K420DS ,Black Gold,2 GB,16 GB,4,6980
LG,Q6 ,Black,3 GB,32 GB,4,16990
LG,Q6 ,Gold,3 GB,32 GB,4,16990
LG,Q7 ,Black,3 GB,32 GB,3.3,9990
LG,X Power ,Black,2 GB,16 GB,4,8499
LG,Stylus 2 Plus ,Titan,3 GB,16 GB,4.1,14250
Google Pixel,Nexus 5X ,Ice,2 GB,32 GB,4.3,29990
Google Pixel,Nexus 5X ,Carbon,2 GB,16 GB,4.3,25990
LG,Q6+ ,Black,4 GB,64 GB,3.9,19990
LG,K-7 ,Titan,1.5 GB,8 GB,4.1,6590
LG,G3 Beat ,White,1 GB,8 GB,3.8,15999
LG,G8s ThinQ ,Black,6 GB,128 GB,0,29999
LG,Q6+ ,Blue,4 GB,64 GB,3.9,19990
LG,G4 ,Red,3 GB,32 GB,4,35990
LG,G4 ,Genuine Leather Black,3 GB,32 GB,4,35990
LG,Stylus 2 ,Brown,2 GB,16 GB,4.1,9999
LG,Stylus 3 ,Titan,3 GB,16 GB,3.8,9990
Google Pixel,Nexus 5X ,White,2 GB,16 GB,4.5,25400
LG,Stylus 2 ,Brown,2 GB,16 GB,4.1,8350
LG,L Bello ,Black Titan,1 GB,8 GB,3.9,7000
LG,G4 Stylus 4G LTE ,Titan,1 GB,16 GB,3.6,7000
LG,X Cam ,Titan Silver,2 GB,16 GB,3.5,9999
LG,Optimus L3 II E425 ,Black,512 MB,4 GB,3.9,6299
LG,Optimus L7 II Dual ,White,768 MB,4 GB,4,13299
LG,V20 ,Pink,4 GB,64 GB,4.2,31490
LG,K10 2017 ,Black,2 GB,16 GB,4.1,9000
LG,G5 ,Titan,4 GB,32 GB,4,22999
LG,W30 ,Platinum Grey,3 GB,32 GB,3.9,8199
Google Pixel,Nexus 5X ,Black,2 GB,16 GB,4.5,12000
LG,G4 ,Metallic Gray,3 GB,32 GB,4,25999
LG,G6 ,White,4 GB,64 GB,4.2,24998
LG,G6 ,Blue,4 GB,64 GB,4.2,29790
LG,G5 ,Gold,4 GB,32 GB,4,25999
LG,L 80 Dual ,White,1 GB,4 GB,3.7,14162
LG,G3 Stylus ,Black Titan,1 GB,8 GB,4.1,13990
LG,Q7 ,Moroccan Blue,3 GB,32 GB,3.3,16790
LG,Q7 ,Lavender Violet,3 GB,32 GB,3.3,16996
LG,Q7+ ,Moroccan Blue,4 GB,64 GB,3.2,20998
LG,Q7+ ,Lavender Violet,4 GB,64 GB,3.2,21001
LG,X Screen K500I ,Black,2 GB,16 GB,4,7990
LG,Q7+ ,Black,4 GB,64 GB,3.2,11849
LG,Spirit ,Black Titan,1 GB,8 GB,3.8,8000
LG,Spirit ,Black Gold,1 GB,8 GB,3.8,8000
LG,G4 ,Genuine Leather Brown,3 GB,32 GB,4,30600
ASUS,ROG Phone 5 ,Black,8 GB,128 GB,4.3,49999
ASUS,ROG Phone 3 ,Black,12 GB,128 GB,4.4,49999
ASUS,Zenfone Max Pro M1 ,Grey,4 GB,64 GB,4.3,15599
ASUS,Zenfone 2 Laser ZE500KL ,Black,2 GB,16 GB,4.1,7999
ASUS,ROG Phone 3 ,Black,8 GB,128 GB,4.4,46999
ASUS,ZenFone Max M2 ,Blue,3 GB,32 GB,4.3,12999
ASUS,ZenFone 5Z ,Midnight Blue,6 GB,128 GB,4.5,36299
ASUS,Zenfone Max Pro M1 ,Blue,4 GB,64 GB,4.3,15599
ASUS,6Z ,Black,6 GB,64 GB,4.3,35999
ASUS,Zenfone Max Pro M1 ,Black,4 GB,64 GB,4.3,15599
ASUS,Zenfone Go 4.5 ,Black,1 GB,8 GB,3.9,5299
ASUS,ZenFone Max M2 ,Black,4 GB,64 GB,4.3,14999
ASUS,ZenFone 5Z ,Meteor Silver,6 GB,128 GB,4.5,36299
ASUS,Zenfone Go 5.5 ,Gold,2 GB,32 GB,3.7,6999
ASUS,Zenfone Go 3rd Gen,Gold,2 GB,16 GB,3.8,8999
ASUS,Zenfone Go 2nd Gen,Red,1 GB,8 GB,3.7,5299
ASUS,Zenfone Go ,Silver,1 GB,8 GB,3.8,5299
ASUS,ZenFone Max M2 ,Silver,4 GB,64 GB,4.3,14999
ASUS,ZenFone Lite L1 ,Black,2 GB,16 GB,4.2,7199
ASUS,ZenFone Max M2 ,Black,3 GB,32 GB,4.3,12999
ASUS,Zenfone 4 Selfie ,Black,3 GB,32 GB,4.1,10999
ASUS,Zenfone Max Pro M1 ,Grey,6 GB,64 GB,4.3,17999
ASUS,6Z ,Silver,6 GB,128 GB,4.3,38999
ASUS,Zenfone Go ,Silver,1 GB,8 GB,3.8,5699
ASUS,ROG Phone II ,Black,8 GB,128 GB,4.6,40999
ASUS,Zenfone GO ,Black,2 GB,16 GB,3.8,8499
ASUS,Zenfone Go 5.0 ,White,2 GB,16 GB,4,6999
ASUS,ROG Phone 5 ,Black,12 GB,256 GB,4.5,57999
ASUS,ZenFone Lite L1 ,Gold,2 GB,16 GB,4.2,7199
ASUS,ZenFone Max Pro M2 ,Blue,3 GB,32 GB,4.3,15999
ASUS,Zenfone Go 4.5 ,Pink,1 GB,8 GB,3.9,5299
ASUS,Zenfone Go 2nd Gen,White,1 GB,8 GB,3.7,5299
ASUS,Zenfone Go 5.0 LTE 2nd Gen ,Gold,2 GB,16 GB,3.6,5840
ASUS,ROG Phone 3 ,Black,12 GB,256 GB,4.4,57999
ASUS,Zenfone Go ,Gold,1 GB,8 GB,3.8,5699
ASUS,Zenfone C ,Red,1 GB,8 GB,3.8,6299
ASUS,Zenfone Go ,Silver Blue,1 GB,8 GB,3.8,5699
ASUS,Zenfone Go 5.0 LTE ,White,2 GB,16 GB,3.7,4990
ASUS,Zenfone Go 5.0 ,Black,2 GB,8 GB,4,
ASUS,Zenfone Go 2nd Gen,Yellow,1 GB,8 GB,3.7,5299
ASUS,Zenfone C ,Black,1 GB,8 GB,3.8,6299
ASUS,Zenfone C ,White,1 GB,8 GB,3.8,6299
ASUS,Zenfone Go ,Gold,1 GB,8 GB,3.8,4649
ASUS,ROG Phone 5 ,White,12 GB,256 GB,4.5,57999
ASUS,6Z ,Silver,8 GB,256 GB,4.3,43999
ASUS,ZenFone 5Z ,Meteor Silver,8 GB,256 GB,4.5,43999
ASUS,6Z ,Silver,6 GB,64 GB,4.3,35999
ASUS,Zenfone Max ZC550KL ,Blue,3 GB,32 GB,4.1,14499
ASUS,Zenfone Max ,Black,2 GB,16 GB,4.1,6990
ASUS,Zenfone Go 5.0 LTE 2nd Gen ,Black,2 GB,16 GB,3.6,4999
ASUS,Zenfone Max Pro M1 ,Blue,6 GB,64 GB,4.3,17999
ASUS,Zenfone Max Pro M1 ,Blue,3 GB,32 GB,4.3,13199
ASUS,Zenfone Go 4.5 LTE ,Silver,1 GB,8 GB,3.6,4890
ASUS,Zenfone Go 4.5 LTE ,Silver Blue,1 GB,8 GB,3.6,4890
ASUS,Zenfone Go 5.0 ,Black,2 GB,16 GB,4,4499
ASUS,Zenfone Go ,Silver Blue,2 GB,32 GB,3.8,7300
ASUS,Zenfone Go ,Blue,2 GB,32 GB,3.8,7499
ASUS,ROG Phone 5 ,White,8 GB,128 GB,4.3,49999
ASUS,ZenFone Max M1 ,Black,4 GB,64 GB,4,9599
ASUS,Zenfone Go 4.5 LTE ,Red,1 GB,8 GB,3.6,4890
ASUS,ZenFone Max M2 ,Silver,3 GB,32 GB,4.3,12999
ASUS,ROG ,Black,8 GB,128 GB,4.3,26499
ASUS,ZenFone Max M1 ,Black,3 GB,32 GB,4.2,9599
ASUS,Zenfone Selfie ,Grey,3 GB,32 GB,4,17999
ASUS,Zenfone Go 4.5 LTE ,Gold,1 GB,8 GB,3.6,4880
ASUS,6Z ,Matte Black,8 GB,256 GB,4.3,43999
ASUS,Zenfone Max Pro M1 ,Black,6 GB,64 GB,4.3,17999
ASUS,Zenfone Max Pro M1 ,Blue,4 GB,64 GB,4.3,15599
ASUS,Zenfone Selfie ,White,3 GB,16 GB,4,13999
ASUS,Zenfone Selfie ,Black,3 GB,16 GB,4,9999
ASUS,Zenfone Max Pro M1 ,Grey,3 GB,32 GB,4.3,13199
ASUS,Zenfone Selfie ,Gold,3 GB,16 GB,4,9999
ASUS,ZenFone Max M1 ,Gold,3 GB,32 GB,4.2,9599
ASUS,Zenfone Selfie ,Pink,3 GB,32 GB,4,17999
ASUS,Zenfone Selfie ,Red,2 GB,16 GB,3.9,15999
ASUS,Zenfone Selfie ,White,2 GB,16 GB,3.9,15999
ASUS,Zenfone 4 Selfie ,Rose Pink,3 GB,32 GB,4.1,10999
ASUS,ZenFone Max M2 ,Blue,4 GB,64 GB,4.3,14999
ASUS,Zenfone 4 Selfie ,Gold,3 GB,32 GB,4.1,10999
ASUS,ZenFone Max Pro M2 ,Titanium,6 GB,64 GB,4.3,19999
ASUS,6Z ,Black,8 GB,256 GB,4.3,43999
ASUS,Zenfone Max ,White,2 GB,16 GB,4.1,7499
ASUS,ZenFone 5Z ,Midnight Blue,8 GB,256 GB,4.5,43999
ASUS,6Z ,Black,6 GB,128 GB,4.3,38999
ASUS,ROG Phone 5 Pro ,Black,16 GB,512 GB,0,69999
ASUS,Zenfone Max ,Black,2 GB,32 GB,4.1,8499
ASUS,Zenfone Selfie ,Purple,3 GB,16 GB,4,13999
ASUS,ZenFone Max Pro M2 ,Blue,4 GB,64 GB,4.3,17999
ASUS,ZenFone Max Pro M2 ,Titanium,3 GB,32 GB,4.3,15999
ASUS,ROG Phone II ,Black,12 GB,512 GB,4.6,62999
ASUS,Zenfone Max ZC550KL ,Black,3 GB,32 GB,4.1,7990
ASUS,Zenfone Go ,Grey,2 GB,32 GB,3.8,6999
ASUS,ZenFone 5Z ,Midnight Blue,6 GB,64 GB,4.5,32999
ASUS,Zenfone Max Pro M1 ,Black,3 GB,32 GB,4.3,13199
ASUS,ZenFone Max Pro M2 ,Blue,6 GB,64 GB,4.3,19999
ASUS,ROG Phone 5 Ultimate ,White,18 GB,512 GB,0,79999
ASUS,Zenfone Selfie ,Gold,2 GB,16 GB,3.9,15999
ASUS,ZenFone Max Pro M2 ,Titanium,4 GB,64 GB,4.3,17999
ASUS,Zenfone Live ,Pink,2 GB,16 GB,4,7999
ASUS,Zenfone Selfie ,Aqua Blue,3 GB,32 GB,4,11999
ASUS,Zenfone Zoom ,White,4 GB,64 GB,3.6,37999
ASUS,Zenfone Zoom ,Black,4 GB,128 GB,3.6,37999
ASUS,Zenfone Selfie ,Gold,3 GB,32 GB,4,7990
ASUS,Zenfone Selfie ,Red,3 GB,32 GB,4,11999
ASUS,Zenfone Max ,Blue,2 GB,32 GB,4.1,7699
ASUS,Zenfone Selfie ,Silver,2 GB,16 GB,3.9,8499
ASUS,Zenfone Max ZC550KL ,Orange,3 GB,32 GB,4.1,8690
ASUS,Zenfone Go 5.0 LTE 2nd Gen ,Red,2 GB,16 GB,3.6,5990
ASUS,Zenfone Selfie ,White,3 GB,32 GB,4,14500
ASUS,Zenfone Selfie ,Silver,3 GB,16 GB,4,6749
ASUS,Zenfone Max ,Black,2 GB,32 GB,4.1,6999
ASUS,Zenfone Selfie ,Pink,3 GB,16 GB,4,12490
ASUS,Zenfone Live ,Gold,2 GB,16 GB,4,7668
realme,C11 2021 ,Cool Blue,4 GB,64 GB,4.2,8799
realme,C11 2021 ,Cool Blue,2 GB,32 GB,4.3,7299
realme,C11 2021 ,Cool Grey,2 GB,32 GB,4.3,7299
realme,Narzo 30 5G ,Racing Blue,4 GB,64 GB,4.4,14999
realme,Narzo 30 5G ,Racing Silver,4 GB,64 GB,4.4,14999
realme,C20 ,Cool Blue,2 GB,32 GB,4.4,7499
realme,C20 ,Cool Grey,2 GB,32 GB,4.4,7499
realme,C21Y ,Cross Black,4 GB,64 GB,4.4,9999
realme,C21Y ,Cross Blue,4 GB,64 GB,4.4,9999
realme,C11 2021 ,Cool Grey,4 GB,64 GB,4.2,8799
realme,8i ,Space Purple,4 GB,64 GB,0,13999
realme,8i ,Space Purple,6 GB,128 GB,0,15999
realme,8i ,Space Black,4 GB,64 GB,0,13999
realme,C25s ,Watery Grey,4 GB,128 GB,4.4,11999
realme,C25s ,Watery Grey,4 GB,64 GB,4.4,10999
realme,C25s ,Watery Blue,4 GB,128 GB,4.4,11999
realme,C25s ,Watery Blue,4 GB,64 GB,4.4,10999
realme,8s 5G ,Universe Blue,6 GB,128 GB,4.5,17999
realme,8i ,Space Black,6 GB,128 GB,0,15999
realme,C25Y ,Metal Grey,4 GB,128 GB,0,11999
realme,C25Y ,Glacier Blue,4 GB,128 GB,0,11999
realme,8s 5G ,Universe Blue,8 GB,128 GB,0,19999
realme,8s 5G ,Universe Purple,8 GB,128 GB,0,19999
realme,8s 5G ,Universe Purple,6 GB,128 GB,4.5,17999
realme,C21 ,Cross Black,4 GB,64 GB,4.4,9999
realme,C21 ,Cross Blue,4 GB,64 GB,4.4,9999
realme,C21 ,Cross Black,3 GB,32 GB,4.4,8999
realme,C21 ,Cross Blue,3 GB,32 GB,4.4,8999
realme,Narzo 30 5G ,Racing Blue,6 GB,128 GB,4.3,16999
realme,Narzo 30 5G ,Racing Silver,6 GB,128 GB,4.3,16999
realme,Narzo 30 ,Racing Silver,6 GB,64 GB,4.3,14499
realme,Narzo 30 ,Racing Blue,6 GB,64 GB,4.3,14499
realme,Narzo 30 ,Racing Blue,4 GB,64 GB,4.3,13499
realme,Narzo 30 ,Racing Silver,4 GB,64 GB,4.3,13499
realme,Narzo 30A ,Laser Black,3 GB,32 GB,4.3,8999
realme,Narzo 30 ,Racing Blue,6 GB,128 GB,4.3,15499
realme,Narzo 30 ,Racing Silver,6 GB,128 GB,4.3,15499
realme,8 5G ,Supersonic Black,4 GB,128 GB,4.3,16499
realme,8 5G ,Supersonic Blue,4 GB,64 GB,4.3,15499
realme,8 5G ,Supersonic Black,4 GB,64 GB,4.3,15499
realme,8 Pro ,Infinite Black,8 GB,128 GB,4.4,19999
realme,8 5G ,Supersonic Blue,8 GB,128 GB,4.3,18499
realme,8 5G ,Supersonic Black,8 GB,128 GB,4.3,18499
realme,8 5G ,Supersonic Blue,4 GB,128 GB,4.3,16499
realme,C15 ,Power Blue,3 GB,32 GB,4.3,9999
realme,8 Pro ,Infinite Black,6 GB,128 GB,4.3,17999
realme,8 Pro ,Infinite Blue,8 GB,128 GB,4.4,19999
realme,8,Cyber Silver,6 GB,128 GB,4.3,16999
realme,8,Cyber Black,6 GB,128 GB,4.3,16999
realme,8,Cyber Black,8 GB,128 GB,4.3,17999
realme,8,Cyber Black,4 GB,128 GB,4.3,15999
realme,8,Cyber Silver,8 GB,128 GB,4.3,17999
realme,C12 ,Power Silver,3 GB,32 GB,4.4,8999
realme,C12 ,Power Blue,3 GB,32 GB,4.4,8999
realme,C11 ,Rich Grey,2 GB,32 GB,4.4,7499
realme,C11 ,Rich Green,2 GB,32 GB,4.4,7499
realme,7,Mist Blue,6 GB,64 GB,4.3,14999
realme,X7 5G ,Nebula,8 GB,128 GB,4.3,21999
realme,X7 5G ,Space Silver,6 GB,128 GB,4.3,19999
realme,X7 5G ,Space Silver,8 GB,128 GB,4.3,21999
realme,X7 5G ,Nebula,6 GB,128 GB,4.3,19999
realme,Narzo 30 Pro 5G ,Sword Black,6 GB,64 GB,4.3,16999
realme,Narzo 30 Pro 5G ,Blade Silver,6 GB,64 GB,4.3,16999
realme,C3 ,Frozen Blue,3 GB,32 GB,4.4,9999
realme,C15 Qualcomm Edition ,Power Silver,3 GB,32 GB,4.3,11999
realme,C15 Qualcomm Edition ,Power Blue,4 GB,64 GB,4.4,12999
realme,C15 Qualcomm Edition ,Power Silver,4 GB,64 GB,4.4,12999
realme,Narzo 30 Pro 5G ,Blade Silver,8 GB,128 GB,4.3,19999
realme,Narzo 30 Pro 5G ,Sword Black,8 GB,128 GB,4.3,19999
realme,3i ,Diamond Blue,4 GB,64 GB,4.4,10499
realme,5 Pro ,Chroma White,8 GB,128 GB,4.5,16999
realme,7i ,Fusion Green,4 GB,64 GB,4.3,13999
realme,C2 ,Diamond Black,2 GB,,4.4,6999
realme,X3 SuperZoom ,Arctic White,8 GB,,4.3,29999
realme,X3 SuperZoom ,Arctic White,12 GB,,4.2,32999
realme,X3 SuperZoom ,Glacier Blue,12 GB,,4.2,32999
realme,GT Master Edition ,Cosmos Black,6 GB,,4.1,25999
realme,6i ,Eclipse Black,6 GB,,4.4,13999
realme,6,Comet White,6 GB,,4.4,14999
realme,1,Diamond Black,6 GB,,4.3,10999
realme,3,Diamond Red,3 GB,,4.5,8499
realme,6i ,Lunar White,4 GB,,4.4,12999
realme,X2 ,Pearl White,4 GB,,4.5,17999
realme,1,Moonlight Silver,3 GB,,0,10999
realme,5i ,Aqua Blue,4 GB,,4.5,10999
realme,1,Black,4 GB,,4.4,10990
realme,1,Moonlight Silver,6 GB,,4.3,10990
realme,1,Diamond Black,3 GB,,0,11990
realme,1,Diamond Red,3 GB,,0,11900
realme,X ,Space Blue,4 GB,,4.5,17999
realme,Narzo 50i ,Mint Green,2 GB,,0,7499
realme,Narzo 50i ,Carbon Black,2 GB,,0,7499
realme,Narzo 50A ,Oxygen Blue,4 GB,,0,12499
realme,Narzo 50A ,Oxygen Green,4 GB,,0,11499
realme,Narzo 50A ,Oxygen Blue,4 GB,,0,11499
realme,2,Diamond Black,3 GB,,4.5,9990
realme,2,Diamond Red,3 GB,,4.5,9990
realme,X2 ,Pearl Green,8 GB,,4.5,20999
realme,X ,Space Blue,8 GB,,4.5,20999
realme,Narzo 50A ,Oxygen Green,4 GB,,0,12499
realme,C21Y ,Cross Black,3 GB,,0,8999
realme,C21Y ,Cross Blue,3 GB,,0,8999
realme,Narzo 30A ,Laser Blue,4 GB,,4.3,10499
realme,Narzo 30A ,Laser Black,4 GB,,4.3,10499
realme,Narzo 30A ,Laser Blue,3 GB,,4.3,8999
realme,C15 ,Power Silver,4 GB,,4.4,10999
realme,C15 ,Power Blue,4 GB,,4.4,10999
realme,8 Pro ,Infinite Blue,6 GB,,4.3,17999
realme,8,Cyber Silver,4 GB,,4.3,15999
realme,C15 ,Power Silver,3 GB,,4.3,9999
realme,8 Pro ,Illuminating Yellow,8 GB,,4.4,19999
realme,8 Pro ,Illuminating Yellow,6 GB,,4.3,17999
realme,3i ,Diamond Blue,3 GB,32 GB,4.4,8499
realme,7i ,Fusion Green,4 GB,128 GB,4.3,14999
realme,5 Pro ,Sparkling Blue,6 GB,64 GB,4.5,14999
realme,3i ,Diamond Red,4 GB,64 GB,4.4,10499
realme,X3 SuperZoom ,Glacier Blue,8 GB,128 GB,4.3,27999
realme,X50 Pro 5G ,Rust Red,12 GB,256 GB,4.3,47999
realme,X3 ,Arctic White,6 GB,128 GB,4.4,24999
realme,GT 5G ,Dashing Blue,8 GB,128 GB,4.3,37999
realme,X50 Pro ,Rust Red,8 GB,128 GB,4.3,41999
realme,X50 Pro ,Moss Green,12 GB,256 GB,4.3,47999
realme,X50 Pro ,Moss Green,8 GB,128 GB,4.3,41999
realme,5 Pro ,Sparkling Blue,8 GB,128 GB,4.5,16999
realme,5 Pro ,Crystal Green,4 GB,64 GB,4.5,13999
realme,X3 SuperZoom ,Glacier Blue,8 GB,256 GB,4.3,29999
realme,C2 ,Diamond Blue,2 GB,16 GB,4.4,6499
realme,GT 5G ,Racing Yellow,12 GB,256 GB,4.3,41999
realme,6,Comet Blue,6 GB,64 GB,4.4,14999
realme,X3 ,Arctic White,8 GB,128 GB,4.4,25999
realme,C15 Qualcomm Edition ,Power Blue,3 GB,32 GB,4.3,11999
realme,6,Comet Blue,8 GB,128 GB,4.4,16999
realme,X3 SuperZoom ,Arctic White,8 GB,256 GB,4.3,29999
realme,X3 SuperZoom ,Arctic White,12 GB,256 GB,4.2,32999
realme,X3 SuperZoom ,Glacier Blue,12 GB,256 GB,4.2,32999
realme,X7 Pro 5G ,Mystic Black,8 GB,128 GB,4.3,29999
realme,C2 ,Diamond Black,2 GB,32 GB,4.4,6999
realme,X3 SuperZoom ,Arctic White,8 GB,256 GB,4.3,29999
realme,X3 SuperZoom ,Arctic White,12 GB,256 GB,4.2,32999
realme,X3 SuperZoom ,Glacier Blue,12 GB,256 GB,4.2,32999
realme,GT Master Edition ,Cosmos Black,6 GB,128 GB,4.1,25999
realme,6i ,Eclipse Black,6 GB,64 GB,4.4,13999
realme,6,Comet White,6 GB,64 GB,4.4,14999
realme,1,Diamond Black,6 GB,128 GB,4.3,10999
realme,3,Diamond Red,3 GB,32 GB,4.5,8499
realme,6i ,Lunar White,4 GB,64 GB,4.4,12999
realme,X2 ,Pearl White,4 GB,64 GB,4.5,17999
realme,1,Moonlight Silver,3 GB,32 GB,0,10999
realme,5i ,Aqua Blue,4 GB,64 GB,4.5,10999
realme,1,Black,4 GB,64 GB,4.4,10990
realme,1,Moonlight Silver,6 GB,128 GB,4.3,10990
realme,1,Diamond Black,3 GB,32 GB,0,11990
realme,1,Diamond Red,3 GB,32 GB,0,11900
realme,X ,Space Blue,4 GB,128 GB,4.5,17999
realme,Narzo 50i ,Mint Green,2 GB,32 GB,0,7499
realme,Narzo 50i ,Carbon Black,2 GB,32 GB,0,7499
realme,Narzo 50A ,Oxygen Blue,4 GB,128 GB,0,12499
realme,Narzo 50A ,Oxygen Green,4 GB,64 GB,0,11499
realme,Narzo 50A ,Oxygen Blue,4 GB,64 GB,0,11499
realme,2,Diamond Black,3 GB,32 GB,4.5,9990
realme,2,Diamond Red,3 GB,32 GB,4.5,9990
realme,X2 ,Pearl Green,8 GB,128 GB,4.5,20999
realme,X ,Space Blue,8 GB,128 GB,4.5,20999
realme,Narzo 50A ,Oxygen Green,4 GB,128 GB,0,12499
realme,C21Y ,Cross Black,3 GB,32 GB,0,8999
realme,C21Y ,Cross Blue,3 GB,32 GB,0,8999
realme,Narzo 30A ,Laser Blue,4 GB,64 GB,4.3,10499
realme,Narzo 30A ,Laser Black,4 GB,64 GB,4.3,10499
realme,Narzo 30A ,Laser Blue,3 GB,32 GB,4.3,8999
realme,C15 ,Power Silver,4 GB,64 GB,4.4,10999
realme,C15 ,Power Blue,4 GB,64 GB,4.4,10999
realme,8 Pro ,Infinite Blue,6 GB,128 GB,4.3,17999
realme,8,Cyber Silver,4 GB,128 GB,4.3,15999
realme,C15 ,Power Silver,3 GB,32 GB,4.3,9999
realme,8 Pro ,Illuminating Yellow,8 GB,128 GB,4.4,19999
realme,8 Pro ,Illuminating Yellow,6 GB,128 GB,4.3,17999
realme,C25 ,Watery Grey,4 GB,64 GB,4.4,9999
realme,C25 ,Watery Blue,4 GB,64 GB,4.4,9999
realme,C3 ,Volcano Grey,4 GB,64 GB,4.4,9999
realme,C3 ,Volcano Grey,3 GB,32 GB,4.4,8999
realme,C3 ,Frozen Blue,4 GB,64 GB,4.4,10999
realme,C3 ,Blazing Red,3 GB,32 GB,4.4,8999
realme,C25 ,Watery Blue,4 GB,128 GB,4.4,10999
realme,C25 ,Watery Grey,4 GB,128 GB,4.4,10999
realme,5 Pro ,Crystal Green,6 GB,64 GB,4.5,14999
realme,C12 ,Power Silver,4 GB,64 GB,4.4,10999
realme,7i ,Fusion Blue,4 GB,64 GB,4.3,13999
realme,7,Mist White,8 GB,128 GB,4.3,17999
realme,5 Pro ,Chroma White,6 GB,64 GB,4.5,14999
realme,3i ,Diamond Black,4 GB,64 GB,4.4,10499
realme,3i ,Diamond Red,3 GB,32 GB,4.4,8499
realme,5 Pro ,Crystal Green,8 GB,128 GB,4.5,16999
realme,C12 ,Power Blue,4 GB,64 GB,4.4,10999
realme,7,Mist White,6 GB,64 GB,4.3,14999
realme,7 Pro ,Sun Kissed Leather,6 GB,128 GB,4.4,19999
realme,Narzo 20 Pro ,Black Ninja,8 GB,128 GB,4.3,16999
realme,Narzo 20 Pro ,White Knight,6 GB,64 GB,4.3,14999
realme,Narzo 20 Pro ,White Knight,8 GB,128 GB,4.3,16999
realme,7i ,Fusion Blue,4 GB,128 GB,4.3,14999
realme,X3 SuperZoom ,Arctic White,8 GB,128 GB,4.3,27999
realme,Narzo 20A ,Glory Silver,3 GB,32 GB,4.3,8499
realme,Narzo 20 ,Glory Silver,4 GB,64 GB,4.3,10499
realme,Narzo 20 ,Victory Blue,4 GB,64 GB,4.3,10499
realme,Narzo 20A ,Glory Silver,4 GB,64 GB,4.4,9499
realme,Narzo 20 ,Glory Silver,4 GB,128 GB,4.3,11499
realme,Narzo 10A ,So White,4 GB,64 GB,4.5,9999
realme,Narzo 10 ,That Green,4 GB,128 GB,4.5,11999
realme,Narzo 10 ,That White,4 GB,128 GB,4.5,11999
realme,Narzo 20 ,Victory Blue,4 GB,128 GB,4.3,11499
realme,Narzo 20A ,Victory Blue,4 GB,64 GB,4.4,9499
realme,C2 ,Diamond Black,2 GB,16 GB,4.4,6499
realme,Narzo 20A ,Victory Blue,3 GB,32 GB,4.3,8499
realme,6 Pro ,Lightning Red,8 GB,128 GB,4.4,19999
realme,Narzo 10A ,So Blue,3 GB,32 GB,4.5,8999
realme,6,Comet White,6 GB,128 GB,4.4,15999
realme,Narzo 10A ,So White,3 GB,32 GB,4.5,8999
realme,Narzo 10 ,That Blue,4 GB,128 GB,4.5,11999
realme,6,Comet Blue,4 GB,64 GB,4.4,13999
realme,U1 ,Ambitious Black,3 GB,32 GB,4.4,8285
realme,U1 ,Fiery Gold,3 GB,32 GB,4.4,8490
realme,6,Comet White,8 GB,128 GB,4.4,16999
realme,X2 Pro ,Lunar White,8 GB,128 GB,4.5,31999
realme,6,Comet White,4 GB,64 GB,4.4,13999
realme,U1 ,Brave Blue,4 GB,64 GB,4.4,9999
realme,6 Pro ,Lightning Blue,6 GB,64 GB,4.4,17999
realme,1,Solar Red,6 GB,128 GB,4.3,12799
realme,U1 ,Fiery Gold,4 GB,64 GB,4.4,11990
realme,5s ,Crystal Blue,4 GB,128 GB,4.5,11999
realme,C3 ,Blazing Red,4 GB,64 GB,4.4,10999
realme,X3 ,Glacier Blue,8 GB,128 GB,4.4,25999
realme,U1 ,Fiery Gold,3 GB,64 GB,4.4,11999
realme,2,Diamond Blue,4 GB,64 GB,4.4,11990
realme,1,Diamond Red,4 GB,64 GB,4.4,9490
realme,6 Pro ,Lightning Red,6 GB,64 GB,4.4,17999
realme,X2 ,Pearl Green,4 GB,64 GB,4.5,17999
realme,X2 ,Pearl Blue,4 GB,64 GB,4.5,17999
realme,6 Pro ,Lightning Blue,8 GB,128 GB,4.4,19999
